contract,stratum,word_count,strict_json_ok,parse_error,fields_ok,brief_json,call_error,tokens_in,tokens_out,finish_reason,latency_s,cost_usd,raw_path
RMRGROUPINC_01_22_2020-EX-99.1-JOINT FILING AGREEMENT.txt,short,109,True,,True,"{""parties"": [""ABP TRUST (filer)"", ""Adam D. Portnoy (filer)""], ""purpose"": ""This agreement allows the parties to file a joint Schedule 13G/A with respect to shares of Class A Common Stock of The RMR Group Inc., and any amendments, on behalf of each party under Rule 13d-1(k) of the Securities Exchange Act of 1934."", ""key_obligations"": [""ABP TRUST and Adam D. Portnoy agree that the Schedule 13G/A and any amendments will be filed on behalf of each of them.""], ""term"": ""not specified"", ""risks"": []}",,524,142,stop,2.16,0.00063,results/raw/20260825T120842__summary__deepseek-v4-pro__RMRGROUPINC_01_22_2020-EX-99.1-JOINT_FIL.txt
BANGIINC_05_25_2005-EX-10-Premium Managed Hosting Agreement.txt,short,302,True,,True,"{""parties"": [""deep systems (service provider)"", ""AstroNutrition.com (client)""], ""purpose"": ""This agreement provides managed hosting services for AstroNutrition.com's website and domain, including system administration, change management, and technical support."", ""key_obligations"": [""deep systems: provide system administration for SMTP, IMAP, DNS, SQL database, and HTTP server software, including regular off-site backups"", ""deep systems: manage site source code and integrate software updates and bug fixes into zencart"", ""deep systems: provide 24x7 emergency phone support and 1-business-day email response on non-critical issues, with a 99% server uptime guarantee"", ""AstroNutrition.com: pay $175 per month for 12 months, plus overages of $20 per 1 G of bandwidth beyond 10 G per month""], ""term"": ""12 months beginning March 1, 2005 and ending February 28, 2006; no renewal terms specified"", ""risks"": [""No liability cap, indemnity, or limitation of liability provisions are stated"", ""No termination rights or notice provisions are specified"", ""The agreement does not address ownership of custom software or IP rights"", ""The uptime guarantee is stated but no remedy for breach is provided""]}",,816,267,stop,2.86,0.00107,results/raw/20260825T120844__summary__deepseek-v4-pro__BANGIINC_05_25_2005-EX-10-Premium_Manage.txt
GridironBionutrientsInc_20171206_8-K_EX-10.2_10972556_EX-10.2_Endorsement Agreement.txt,short,529,True,,True,"{""parties"": [""National Football League Alumni - Northern California Chapter (NFLA-NC) (charitable corporation, party to agreement)"", ""National Football League Alumni, Inc. (NFLA) (charitable corporation, party to agreement)"", ""Food For Athletes, Inc. / Gridiron BioNutrients (Company) (corporations, party to agreement)""], ""purpose"": ""This Addendum amends the Endorsement Agreement dated October 30, 2017, to add Gridiron CBD H2O Probiotic Water to the list of Licensed Products covered by the agreement."", ""key_obligations"": [""Company: pay a donation of $0.05 per Unit sold of Licensed Products within the Contract Territory to NFLA-NC, with quarterly payments starting the first full quarter of the agreement."", ""Company: provide quarterly sales reports of Licensed Products to NFLA-NC upon request."", ""NFLA-NC: donate 15% of the proceeds received from the Company to NFLA.""], ""term"": ""Not specified in the Addendum; the Addendum is effective November 7, 2017, and is enforceable under the terms of the original Endorsement Agreement dated October 30, 2017."", ""risks"": [""The Addendum does not specify the duration or termination provisions, leaving them to the original agreement."", ""The donation obligation is based on Units sold, with conversion rates for different product sizes, which may create complexity in calculating amounts due."", ""The Company must provide sales reports upon request, but the frequency and detail are not specified, potentially leading to disputes over compliance.""]}",,1222,331,stop,3.91,0.00146,results/raw/20260825T120850__summary__deepseek-v4-pro__GridironBionutrientsInc_20171206_8-K_EX-.txt
CardlyticsInc_20180112_S-1_EX-10.16_11002987_EX-10.16_Maintenance Agreement4.txt,short,756,True,,True,"{""parties"": [""Bank of America, N.A. (licensee)"", ""Cardlytics (Supplier/licensor)""], ""purpose"": ""This Product License Schedule is an order under the Software License, Customization and Maintenance Agreement, licensing Cardlytics' software (Cardlytics OPS Version 3.0) to Bank of America, with associated maintenance and support services."", ""key_obligations"": [""Cardlytics: deliver the licensed software and program materials, provide installation support (to be handled in a separate agreement), provide training classes, and provide maintenance services 24/7 during the maintenance period."", ""Bank of America: pay for source code delivery and maintenance as specified in the payment schedule (though software license and maintenance are stated as no charge)."", ""Cardlytics: provide no-charge maintenance from delivery through the warranty period (120 days), then paid maintenance for an initial 12-month term with automatic renewals unless terminated.""], ""term"": ""Maintenance term: initial 12 months after warranty period, then auto-renews for successive 12-month periods unless terminated. Source code delivery payment triggers begin 3 years after General Services Agreement Effective Date or one year after service reaches 10,000,000 users, whichever later. Overall agreement term not specified."", ""risks"": [""Bank of America has unilateral right to terminate maintenance services for convenience and reinstate without fee."", ""Source code delivery payment amounts are confidential and vary based on performance adjustments and breaches, creating financial uncertainty."", ""Maintenance services are required 24/7, which may impose significant service level obligations on Cardlytics."", ""Installation support is deferred to a separate agreement, leaving scope and terms undefined.""]}",,1517,355,stop,4.29,0.0017,results/raw/20260825T120856__summary__deepseek-v4-pro__CardlyticsInc_20180112_S-1_EX-10.16_1100.txt
"GRIDIRONBIONUTRIENTS,INC_02_05_2020-EX-10.3-SUPPLY AGREEMENT.txt",short,903,True,,True,"{""parties"": [""EWSD 1, LLC d/b/a Shi Farms (seller)"", ""Gridiron BioNutrients, Inc (buyer)""], ""purpose"": ""Shi Farms agrees to sell and Gridiron agrees to purchase 30,000 lbs of hemp biomass meeting specified quality standards, at a total price of $150,000."", ""key_obligations"": [""Shi Farms: sell and deliver 30,000 lbs of hemp biomass with minimum 6% total CBD/CBDA, less than 3% total THC, and free of contaminants above industry standards."", ""Gridiron: pay $150,000 upon execution of the agreement."", ""Shi Farms: quarantine product after payment to ensure safe keeping until delivery."", ""Shi Farms: ship product samples to a laboratory designated by Gridiron if testing is required."", ""Shi Farms: deliver biomass to the processor determined by Gridiron.""], ""term"": ""Not specified; either party may terminate at any time prior to delivery of the product."", ""risks"": [""Gridiron and affiliated parties must indemnify Shi Farms against all claims, losses, and expenses arising from Gridiron's breach or non-performance, with no apparent cap."", ""Either party may terminate the agreement at any time before delivery, which could leave the other party without recourse for costs incurred."", ""The agreement is governed by Colorado law and disputes must be litigated in Colorado state court, which may be inconvenient for Gridiron (based in Washington)."", ""Confidential information obligations require return of materials upon termination, but no specific duration or exceptions are stated.""]}",,1556,327,stop,3.1,0.00167,"results/raw/20260825T120900__summary__deepseek-v4-pro__GRIDIRONBIONUTRIENTS,INC_02_05_2020-EX-1.txt"
FEDERATEDGOVERNMENTINCOMESECURITIESINC_04_28_2020-EX-99.SERV AGREE-SERVICES AGREEMENT.txt,short,1762,True,,True,"{""parties"": [""Federated Investment Management Company (Adviser)"", ""Federated Advisory Services Company (FASC, service provider)""], ""purpose"": ""The Adviser engages FASC to provide specified services (performance attribution, administration and risk management) in connection with the Adviser's advisory or subadvisory services to investment accounts."", ""key_obligations"": [""FASC: provide the services described in Exhibit A"", ""Adviser: pay FASC the services fees calculated per Exhibit B"", ""FASC: create and maintain books and records as required by applicable law, including the 1940 Act, and provide access/copies to accounts"", ""Adviser: indemnify FASC for liabilities arising from FASC's performance, subject to standards of care""], ""term"": ""Effective January 1, 2004; continues until terminated by mutual agreement or by either party on not less than 60 days' written notice. For registered investment companies, subject to annual board approval and termination provisions under the 1940 Act."", ""risks"": [""FASC's liability is limited to losses from willful malfeasance, bad faith, gross negligence, or reckless disregard; no liability for ordinary errors or mistakes"", ""Adviser must indemnify FASC for claims arising from FASC's performance, with procedural conditions (prompt notice, defense control, settlement consent)"", ""Each party's obligations are limited to its own assets; shareholders, trustees, officers, employees, and agents are not personally liable"", ""For registered investment companies, the agreement may be terminated by the board or shareholders without penalty, and automatically terminates upon assignment or termination of the advisory agreement""]}",,2566,341,stop,3.34,0.00237,results/raw/20260825T120905__summary__deepseek-v4-pro__FEDERATEDGOVERNMENTINCOMESECURITIESINC_0.txt
ImperialGardenResortInc_20161028_DRS (on F-1)_EX-10.13_9963189_EX-10.13_Outsourcing Agreement.txt,short,1849,True,,True,"{""parties"": [""The HUANG JIA Country CLUB and Recreation Inc. (Party A / client)"", ""Chang Chen-Bin Architects Office (Party B / architect)""], ""purpose"": ""This agreement outsources the development of the Miaoli Royal Resort Hotel, including architectural development and business plans, soil and water conservation, environmental impact assessment, land usage change, landscaping, miscellaneous works, and building planning/design and construction monitoring."", ""key_obligations"": [""Party A must pay service fees in stages as specified in Article V."", ""Party A must provide land rights data and other required basic data (Article VIII)."", ""Party B must perform the outsourced work described in Article III, including plans, drawings, reviews, and monitoring."", ""Party B must follow Party A's instructions and ensure plans meet construction laws (Article IX)."", ""Party B must report progress and completed content to Party A (Article IX).""], ""term"": ""Not specified; the contract does not state a duration, expiration, or renewal terms."", ""risks"": [""Party A's fees paid are non-refundable if the contract cannot be performed for any reason other than the architect's fault; if the architect is at fault, the architect must refund fees in full without interest (Article V)."", ""Party A bears extra service fees if it requires a comprehensive modification of the development plan (Article IV)."", ""The contract excludes many costs (e.g., land measurement, geological drilling, regulatory fees) that Party A must bear separately (Article VI)."", ""Disputes are resolved by arbitration in Miaoli County, with the Miaoli District Court as the first-instance court for any revocation proceeding (Article XI).""]}",,2886,351,stop,3.87,0.0026,results/raw/20260825T120910__summary__deepseek-v4-pro__ImperialGardenResortInc_20161028_DRS_(on.txt
REWALKROBOTICSLTD_07_10_2014-EX-10.2-STRATEGIC ALLIANCE AGREEMENT.txt,short,2320,True,,True,"{""parties"": [""Yaskawa Electric Corporation (YEC) (investor and distributor)"", ""Argo Medical Technologies Ltd. (ARGO) (product developer and distributor)""], ""purpose"": ""This agreement establishes a strategic alliance between YEC and ARGO to collaborate on marketing, distribution, commercialization, improvement, and joint development of healthcare robotics products, with YEC investing in ARGO and becoming exclusive distributor of ARGO's products."", ""key_obligations"": [""YEC: Purchase Series D-1 Convertible Preferred Shares of ARGO under a separate Share Purchase Agreement (SPA)."", ""ARGO: Appoint YEC as exclusive distributor of its products in the territory specified in the Distribution Agreement (DA)."", ""YEC: Market and distribute ARGO's products in a professional manner under the DA."", ""Both parties: Form a Joint Steering Committee (JSC) that meets at least four times per year to review progress, set sales targets, discuss improvements, R&D responsibilities, licensed manufacturing, and quality improvements."", ""Both parties: Sign and comply with a new Confidentiality and Non-Disclosure Agreement (New NDA)."", ""Both parties: Not solicit or hire each other's employees or independent contractors during the collaboration and for 12 months after termination."", ""Both parties: Coordinate through designated contact persons.""], ""term"": ""Initial term of 10 years from Effective Date (September 24, 2013). Either party may terminate after the 7th anniversary with 60 days' written notice. Renewal requires written agreement by authorized officers at least 30 days before expiration. Termination also possible for material breach (with 60-day cure period) or by mutual written agreement."", ""risks"": [""YEC's investment in ARGO shares does not invalidate ARGO's obligations if YEC sells its shares."", ""Termination of the DA voids the distribution provision (Section 3) but does not necessarily terminate the overall agreement."", ""Intellectual property is provided on an 'as is' basis with no warranties, and no IP rights are granted except as expressly stated."", ""Any joint development requires negotiation of separate license agreements before use of IP."", ""Non-solicitation breach remedies include specific performance and injunctive relief, with waiver of bond requirements."", ""Litigation expenses and attorney's fees are recoverable by the prevailing party in disputes."", ""The agreement is governed by Israeli law with exclusive jurisdiction in Tel Aviv courts."", ""Assignment of the agreement requires prior written consent of the other party.""]}",,3490,516,stop,5.12,0.00333,results/raw/20260825T120917__summary__deepseek-v4-pro__REWALKROBOTICSLTD_07_10_2014-EX-10.2-STR.txt
MorganStanleyDirectLendingFund_20191119_10-12GA_EX-10.5_11898508_EX-10.5_Trademark License Agreement.txt,short,2438,True,,True,"{""parties"": [""Morgan Stanley Investment Management Inc. (licensor)"", ""Morgan Stanley Direct Lending Fund (licensee)""], ""purpose"": ""This agreement grants the licensee a non-exclusive, non-transferable license to use the 'Morgan Stanley' trademark and design solely for the permitted activity of stating in public filings, offering materials, advertising, and press releases that investment advisory services are provided by the licensor or an affiliate."", ""key_obligations"": [""Licensee must use the Brand only for the permitted activity and in a manner consistent with Licensor's quality standards and reputation."", ""Licensee must submit all proposed uses of the Brand to Licensor for prior written approval."", ""Licensee must comply with all applicable laws and industry practice pertaining to its business and the permitted activity."", ""Licensee must not challenge or dispute Licensor's ownership of the Brand and must assign any rights it may acquire in the Brand to Licensor."", ""Licensee must notify Licensor of any infringement of the Brand and cooperate with Licensor in any action against infringers."", ""Licensee must indemnify Licensor and its affiliates against third-party claims arising from Licensee's breach, its business operations, or unauthorized use of the Brand."", ""Licensee may not assign or transfer the agreement or its rights without Licensor's prior written consent, except for a name change.""], ""term"": ""Commences on the Effective Date and continues in perpetuity, unless terminated earlier under Sections 4.2 through 4.4. Licensor may terminate for convenience immediately upon written notice; either party may terminate for breach if not cured within 15 days; automatic termination if the investment adviser ceases to act or is no longer an affiliate."", ""risks"": [""Licensor has unilateral termination right for convenience, with immediate effect, without cause."", ""Licensee must obtain Licensor's prior written approval for all uses of the Brand, giving Licensor significant control."", ""Licensee must assign to Licensor any rights it may acquire in the Brand, and all goodwill inures to Licensor."", ""Licensee's indemnification obligations are broad, covering third-party claims arising from its business operations and any unauthorized use of the Brand."", ""Licensee is prohibited from assigning the agreement without consent, and a merger or change of control is deemed an assignment requiring consent."", ""Licensor disclaims all implied warranties, and the Brand is provided on an 'as-is' basis."", ""Neither party is liable for consequential or indirect damages, except for Licensee's indemnification obligations."", ""Licensee waives jury trial and consents to exclusive jurisdiction in New York City.""]}",,3984,535,stop,5.36,0.00369,results/raw/20260825T120924__summary__deepseek-v4-pro__MorganStanleyDirectLendingFund_20191119_.txt
GULFSOUTHMEDICALSUPPLYINC_12_24_1997-EX-4-AFFILIATE AGREEMENT.txt,short,2765,True,,True,"{""parties"": [""Physician Sales & Service, Inc. (PSS) (issuer/transferee of shares)"", ""Gulf South Medical Supply, Inc. (GSMS) (company whose shareholders are affiliates)"", ""William W. McInnes (affiliate/shareholder)"", ""Edward Shulman (affiliate/shareholder)"", ""Donna C.E. Williamson (affiliate/shareholder)"", ""David L. Bogetz (affiliate/shareholder)"", ""Melvin L. Hecktman (affiliate/shareholder)"", ""Thomas G. Hixon (affiliate/shareholder)"", ""Steve Richardson (affiliate/shareholder)"", ""Guy W. Edwards (affiliate/shareholder)"", ""Stanton Keith Pritchard (affiliate/shareholder)"", ""Louie Vaughan (affiliate/shareholder)""], ""purpose"": ""This agreement restricts the sale or transfer of PSS common stock received by GSMS affiliates in a merger, to ensure compliance with SEC rules on pooling-of-interests accounting and securities registration, and to preserve the tax-free status of the merger."", ""key_obligations"": [""Each affiliate agrees not to sell, transfer, or dispose of PSS shares received in the merger until PSS publishes combined financial results meeting ASR 130 and 135 requirements (within 45 days after the first fiscal quarter end)."", ""Each affiliate represents that PSS shares are taken for their own account and not for others."", ""Each affiliate acknowledges that PSS shares are not registered and can only be sold under registration, Rule 145(d), or another exemption; PSS has no obligation to register the shares."", ""Each affiliate warrants that during the 30 days before the merger effective time, they have not sold or disposed of GSMS shares."", ""Each affiliate agrees to treat the merger as tax-free under Section 368 and not to sell PSS shares in a way that would violate the continuity-of-interest requirement."", ""PSS agrees to place stop-transfer instructions and a restrictive legend on the PSS share certificates."", ""PSS agrees to reissue certificates without the ASR 130/135 legend once those requirements are met, and without the Rule 144/145 legend upon expiration of the restrictive period or if rules change, subject to counsel opinion."", ""PSS agrees to file all required reports under Section 13 of the Exchange Act for three years after the merger to keep Rule 145(d) available."", ""If an affiliate wants to sell under Rule 145(d), they must provide a representation letter and information to the transfer agent; PSS's counsel will provide opinions if the sale complies."", ""The restrictions apply to shares beneficially owned by the affiliate, including shares held by spouse, relatives, trusts, or entities in which the affiliate has at least a 10% interest.""], ""term"": ""Not specified; the agreement does not state an overall duration, but certain obligations (e.g., PSS's reporting obligation) last for three years after the merger effective date."", ""risks"": [""Affiliates face significant restrictions on selling PSS shares, with no obligation on PSS to register the shares or facilitate sales except under Rule 145(d) conditions."", ""Affiliates may be subject to Section 16(b) short-swing profit liability if they are directors or officers of PSS and sell shares within six months of the merger."", ""The agreement imposes broad restrictions on shares deemed beneficially owned, including shares of family members and entities, which could limit liquidity."", ""Affiliates must comply with tax continuity-of-interest requirements; selling too many shares could jeopardize the tax-free status of the merger, potentially causing adverse tax consequences.""]}",,4640,747,stop,7.55,0.00454,results/raw/20260825T120934__summary__deepseek-v4-pro__GULFSOUTHMEDICALSUPPLYINC_12_24_1997-EX-.txt
NEONSYSTEMSINC_03_01_1999-EX-10.5-DISTRIBUTOR AGREEMENT_Amendment.txt,short,2848,True,,True,"{""parties"": [""Peregrine/Bridge Transfer Corporation (licensor)"", ""NEON Systems, Inc. (licensee)"", ""Skunkware, Inc. (joinder party, sole stockholder of licensor)""], ""purpose"": ""This First Amendment modifies an existing Distributor Agreement to change the distributorship from non-exclusive to exclusive, adjust royalty rates and payment terms, extend the term, and grant the licensee a right of first refusal and an option to purchase the licensor."", ""key_obligations"": [""Licensee must pay annual royalty advances of $1,000,000 (FY1999) escalating by $1,000,000 each year to $5,000,000 (FY2003), and thereafter increasing by $1,000,000 per fiscal year."", ""Licensee must pay royalties equal to the Specified Royalty Percentage (50% or 40% after a Satisfaction Date) of revenues from sublicenses and maintenance/support services."", ""Licensee must pay excess royalties within 60 days of invoice or 5 business days after receipt of payment, with interest at 10% per annum on late payments."", ""Licensor must repay outstanding Royalty Advances upon expiration or termination of the agreement."", ""Licensor grants exclusive distribution rights (except for its Partitioned Database Facility product, which may also be licensed to IBM)."", ""Licensor and Skunkware grant Licensee a right of first refusal on any sale of Licensor's stock or assets, and an option to purchase all assets or stock of Licensor, exercisable after certain conditions."", ""Skunkware agrees to remain sole stockholder of Licensor and not to issue securities to others while the option is in existence.""], ""term"": ""Effective through March 31, 2004, with automatic one-year renewals unless either party gives 60 days' written notice of termination before the end of the original or any renewal term."", ""risks"": [""Licensee is obligated to make substantial non-refundable royalty advances (though credited against royalties) and must repay them only upon termination/expiration, not if the agreement is renewed."", ""The exclusivity granted to Licensee is subject to an exception allowing Licensor to license its Partitioned Database Facility product to IBM, which could compete with Licensee."", ""Termination for Licensee's failure to pay accelerates all sums accrued and payable to Licensor."", ""The option to purchase is exercisable at Licensee's discretion but requires negotiation of a purchase agreement; if terms are not agreed, arbitration is required, and Licensee may walk away if its board deems the acquisition not accretive."", ""The right of first refusal and option impose restrictions on Licensor and Skunkware regarding sale of assets, mergers, liens, and issuance of securities, which could limit their flexibility.""]}",,4556,580,stop,5.57,0.00416,results/raw/20260825T120940__summary__deepseek-v4-pro__NEONSYSTEMSINC_03_01_1999-EX-10.5-DISTRI.txt
"XLITECHNOLOGIES,INC_12_11_2015-EX-10.1-Sponsorship Agreement.txt",short,2851,True,,True,"{""parties"": [""RMF Empire, Inc. DBA West Coast Customs (WCC) (licensor of WCC trademarks and promotional services provider)"", ""Bosch International, LLC / XLI Technologies, Inc. (XLI) (licensee of WCC trademarks and sponsor/payor)""], ""purpose"": ""This agreement sets out a sponsorship and promotional relationship where WCC will promote XLI's 'Light Sheets' products and technology in exchange for stock and other consideration from XLI."", ""key_obligations"": [""WCC grants XLI a limited, non-exclusive license to use WCC's Trademarks for promotional purposes, subject to WCC's prior written approval."", ""XLI grants WCC a limited, non-exclusive, royalty-free license to use the 'Light Sheets' trademark for promotional purposes, subject to XLI's prior written approval."", ""WCC must ensure all public communications reference XLI products as 'Light Sheets' and provide the promotional benefits listed in Attachment A (e.g., brand mentions, commercial spots, installation of Light Sheets on two Lamborghinis)."", ""XLI must pay WCC in accordance with Attachment B, which includes issuing 5,500,000 common stock shares of XLI Technologies, Inc. within five days of signing, and providing 'Light Sheets' at no cost for promotional use at XLI's discretion."", ""Both parties must not disparage each other's trademarks or products."", ""Both parties must maintain insurance during the term and for one year thereafter."", ""Both parties must keep the terms of the agreement confidential and not make public announcements without prior written consent.""], ""term"": ""Effective December 1, 2015, expiring November 30, 2016. May be renegotiated or cancelled by mutual consent, upon significant changes to the Benefits Schedule, or if either party becomes bankrupt or insolvent. No renewal provision specified."", ""risks"": [""XLI assigns to WCC all goodwill and rights developed from XLI's use of WCC's trademarks, which may dilute XLI's control over its own promotional efforts."", ""WCC assigns to XLI all goodwill and rights developed from WCC's use of XLI's trademark, which may affect WCC's brand."", ""Either party can terminate for breach after a 30-day cure period, but there is no specified liability cap or limitation of damages."", ""The indemnification provisions are mutual but exclude liability for the other party's negligence, which may leave gaps in coverage."", ""The agreement grants a non-exclusive license, so neither party has exclusivity, and WCC may promote competing products."", ""The Sponsor Benefits Schedule (Attachment A) controls over the main agreement in case of conflict, which could alter obligations unexpectedly."", ""The stock compensation is fully vested upon signing, so XLI bears the risk if the promotional benefits are not delivered as expected."", ""Confidentiality obligations survive termination, and breach could lead to legal action.""]}",,4155,607,stop,5.98,0.00394,"results/raw/20260825T120947__summary__deepseek-v4-pro__XLITECHNOLOGIES,INC_12_11_2015-EX-10.1-S.txt"
ORBSATCORP_08_17_2007-EX-7.3-STRATEGIC ALLIANCE AGREEMENT.txt,short,2909,True,,True,"{""parties"": [""UTEK Corporation (service provider)"", ""World Energy Solutions (client)""], ""purpose"": ""UTEK will identify and present technology acquisition opportunities from universities and government laboratories to World Energy Solutions, and may assist in acquiring and transferring those technologies."", ""key_obligations"": [""UTEK must use commercially reasonable efforts to provide the services described in Exhibit A, including identifying and presenting technology opportunities."", ""UTEK must maintain confidentiality of AVDU's business information and not disclose trade secrets without written authorization."", ""AVDU must pay UTEK $120,000 worth of unregistered shares (31,413 shares) upon execution, with 1/12 vesting monthly."", ""AVDU must not directly or indirectly acquire technologies presented by UTEK from the developer for 24 months after termination."", ""AVDU must not solicit UTEK employees for 24 months after execution; UTEK similarly must not solicit AVDU employees."", ""Both parties must comply with applicable securities laws and obtain mutual written consent before any press release mentioning both parties."", ""AVDU must promptly provide UTEK with pertinent materials and information and keep UTEK apprised of material developments.""], ""term"": ""12 months from September 9, 2005, renewable by mutual written agreement; either party may terminate with 30 days written notice."", ""risks"": [""AVDU pays a substantial stock consideration upfront, with vesting over 12 months; if terminated early, unvested shares must be returned."", ""AVDU is prohibited from acquiring presented technologies directly from the developer for 24 months after termination, even if it declines UTEK's offer."", ""UTEK has no fiduciary duty to AVDU and may pursue other ventures, subject only to avoiding conflicts."", ""UTEK does not guarantee results and may present technologies to other clients after 30 days if AVDU does not proceed."", ""Indemnification provisions are mutual for breaches, but no liability cap or limitation is specified."", ""The agreement allows UTEK to assign its rights and compensation to subsidiaries without AVDU's consent.""]}",,4128,427,stop,4.41,0.00357,results/raw/20260825T120953__summary__deepseek-v4-pro__ORBSATCORP_08_17_2007-EX-7.3-STRATEGIC_A.txt
WEBHELPCOMINC_03_22_2000-EX-10.8-HOSTING AGREEMENT.txt,medium,2955,True,,True,"{""parties"": [""eGain Communications Corporation (hosting provider)"", ""Eliance Corporation (customer)""], ""purpose"": ""This agreement provides Customer with web-based access to eGain's software and related hosting services for processing and responding to online inquiries from Customer's users."", ""key_obligations"": [""eGain must provide hosting services, including access to software, maintenance, and 24/7 live telephone support."", ""Customer must pay hosting fees in advance monthly, plus any additional fees as invoiced."", ""Customer must maintain its own internet access and equipment, and notify eGain of any changes affecting the services."", ""Customer must use the system only for lawful purposes and not transmit harmful or infringing material."", ""Customer must keep passwords confidential and permit only authorized employees to access the system."", ""Customer must not rent, lease, sublicense, resell, time-share, or assign its rights, except for providing access to its employees and agents worldwide."", ""eGain must keep Online Messages confidential and use them only as necessary to provide services, operate systems, comply with law, or protect itself."", ""eGain must defend Customer against third-party infringement claims related to the software or system, subject to conditions."", ""Customer must pay all unpaid fees within 15 days of termination.""], ""term"": ""Initial one-year term from the Effective Date, automatically renewing for successive one-year periods unless either party gives at least 30 days' prior written notice of non-renewal. Either party may terminate for material breach (with 30-day cure period), insolvency, or bankruptcy."", ""risks"": [""Customer's sole remedy for downtime is limited to service credits (days of service) as specified, and for warranty breach to repair or replacement of software."", ""eGain's total liability for any claim is capped at the amount paid for the services out of which the claim arose."", ""eGain disclaims all implied warranties (merchantability, fitness, non-infringement) and does not warrant uninterrupted or error-free service."", ""eGain is not liable for consequential, exemplary, indirect, special, or incidental damages, including lost profits."", ""eGain may adjust monthly fees at the end of each term with 60 days' notice."", ""Customer grants eGain a right to use its name and logo in customer listings and marketing materials during the term."", ""eGain may access and disclose Online Messages as necessary to provide services, comply with law, or protect itself."", ""Termination for Customer's breach results in immediate cessation of services and loss of access to software and system; eGain retains copies of Online Messages and Reports for its records.""]}",,4311,550,stop,5.84,0.00393,results/raw/20260825T120959__summary__deepseek-v4-pro__WEBHELPCOMINC_03_22_2000-EX-10.8-HOSTING.txt
SLOVAKWIRELESSFINANCECOBV_03_28_2001-EX-4.(B)(II).3-Maintenance and support contract for SICAP(R) modules.txt,medium,3435,True,,True,"{""parties"": [""EuroTel Bratislava a.s. (customer)"", ""Sicap Ltd (service provider)""], ""purpose"": ""This agreement provides maintenance and support services for SICAP(R) modules PPB, VCA and OTA, replacing the previous Annex 7 of the original Swisscom Purchase & License Contract."", ""key_obligations"": [""Sicap Ltd: provide standard services including hotline support, 20 hours of telephone support per month, remote support via ISDN, and change management."", ""EuroTel: perform first-level maintenance and initial fault tracing, ensure adequate training of its personnel, and provide required information and access to Sicap Ltd."", ""EuroTel: pay maintenance and support fees semi-annually in advance, plus additional costs for travel and accommodation and for support outside standard service."", ""Sicap Ltd: respond to incidents within specified response times based on priority, and in emergencies make efforts to restore service within 24 hours."", ""EuroTel: notify Sicap Ltd of incidents via the GNATS trouble ticket tool and hotline, and provide supplementary information and remote access on request.""], ""term"": ""Effective 06 October 2000, duration of two years, automatically renewed for one-year periods unless terminated with at least six weeks' notice prior to renewal date. Prices valid for first 12 months; after that, Sicap Ltd may adjust prices annually with three months' notice, and EuroTel may terminate within one month if it does not accept the new offer."", ""risks"": [""Sicap Ltd's liability for indirect loss, consequential loss, loss of profit, lost savings, and loss caused by interruption of operations is excluded."", ""Sicap Ltd may suspend services if EuroTel fails to pay, and is not responsible for damages resulting from such suspension."", ""If EuroTel does not react in writing to a new price offer within one month, the new offer is considered accepted."", ""EuroTel must pay costs and expenses if Sicap Ltd personnel travel but cannot perform services due to reasons beyond Sicap Ltd's control, including no physical access or force majeure."", ""Misuse of the hotline or support services may be charged at cost by Sicap Ltd.""]}",,5939,456,stop,4.94,0.00482,results/raw/20260825T121004__summary__deepseek-v4-pro__SLOVAKWIRELESSFINANCECOBV_03_28_2001-EX-.txt
PREMIERBIOMEDICALINC_05_14_2020-EX-10.2-INTELLECTUAL PROPERTY AGREEMENT.txt,medium,3596,True,,True,"{""parties"": [""Marv Enterprises, LLC (licensor/owner of patents)"", ""Premier Biomedical, Inc. (exclusive licensee, assigns rights to THI)"", ""Technology Health, Inc. (THI) (exclusive licensee and joint venture partner)""], ""purpose"": ""This agreement grants THI an exclusive worldwide license to certain patent applications related to Covid-19 treatment, and establishes a joint venture among the parties to develop and commercialize Covid-19 licensed products."", ""key_obligations"": [""THI must pay a $20,000 license fee to Marv (already paid) and reimburse Marv for unpaid invoices owed by Premier (approx. $80,000) by July 20, 2020."", ""THI must pay quarterly royalties to Marv of 5% of Fair Market Value of licensed products sold or services performed, with reports due within 30 days after each quarter."", ""THI must pay an additional 5% royalty to certain Premier shareholders, annually, until a total of $40,000,000 is paid."", ""THI must reimburse Marv for intellectual property prosecution costs for the licensed applications, subject to notice and affirmation procedures."", ""THI must make joint venture payments: $750,000 by June 20, 2020, $1,150,000 by July 30, 2020, and $500,000 to a UK subsidiary for research and development."", ""Premier and THI will jointly cooperate in developing Covid-19 licensed products, to be memorialized in a Technology Acquisition and Financing Agreement."", ""Marv has no obligation to participate in capital raising or development, but may be consulted at its discretion."", ""All parties must keep confidential information confidential and return or destroy it upon request."", ""THI must reimburse Marv for all legal expenses associated with this agreement.""], ""term"": ""Not specified; the agreement does not state a duration, expiration, or renewal terms."", ""risks"": [""If THI fails to make the obligatory payments under section 2(b) by the stated dates, the exclusive license reverts back to Premier."", ""If THI fails to make the joint venture payments under section 3(a) by the stated dates, the exclusive license reverts to Premier, but THI retains a proportionate interest in Covid-19 licensed products based on actual payments made."", ""THI's license may revert to Marv for any country where THI denies or fails to pay IP costs, and Marv has no further duty to THI for reverted applications."", ""The agreement includes a materiality clause stating time is of the essence for all terms, which could expose a party to breach for minor delays."", ""The agreement does not include a minimum annual royalty, but the additional 5% royalty to Premier shareholders could be a significant financial burden."", ""The agreement grants THI exclusive worldwide rights, which may limit Marv's ability to license to others, but Marv retains rights to unelected countries if THI does not elect them."", ""The agreement includes a confidentiality clause with broad definitions, and breach could lead to liability."", ""The agreement does not contain any liability caps, indemnities, or limitation of liability provisions, leaving parties potentially exposed to full damages.""]}",,5191,671,stop,6.35,0.00475,results/raw/20260825T121012__summary__deepseek-v4-pro__PREMIERBIOMEDICALINC_05_14_2020-EX-10.2-.txt
ADAMSGOLFINC_03_21_2005-EX-10.17-ENDORSEMENT AGREEMENT.txt,medium,3770,True,,True,"{""parties"": [""Tom Watson (consultant/endorser)"", ""Adams Golf, Ltd. (company/sponsor)""], ""purpose"": ""This agreement grants Adams Golf the exclusive right to use Tom Watson's name, likeness, and endorsement to advertise and promote its golf products, while Watson agrees to exclusively play and endorse Adams Golf products in professional tournaments."", ""key_obligations"": [""Adams Golf must pay Watson a base compensation (amount redacted) for the entire term, plus performance bonuses based on tournament wins and year-end money list finishes, subject to annual caps."", ""Adams Golf must supply Watson with sufficient mandatory products for his use and provide a certain number of club sets for his family and friends each year."", ""Adams Golf must submit advertising using Watson's name/likeness for his approval (not to be unreasonably withheld) and indemnify him for claims arising from advertising materials."", ""Watson must exclusively play/use the mandatory Adams Golf products in all SPGA and PGA events, with limited exceptions for a putter and certain other clubs."", ""Watson must not endorse or serve as a consultant to any other manufacturer or seller of golf clubs (with a specific exception for a redacted third-party endorsement)."", ""Watson must use best efforts to promote Adams Golf products, wear headwear displaying the brand, and be available for promotional appearances and interviews (up to a specified number of days)."", ""Watson must cooperate in product design advice and maintain good behavior; if his conduct impairs the endorsement's value, Adams Golf may terminate."", ""Watson must achieve a minimum number of tournament appearances each year; if he falls short, he must repay a prorated portion of base compensation.""], ""term"": ""The term is for a redacted number of years and months, commencing September 1, 2004 and terminating on a redacted date. No renewal provisions are specified."", ""risks"": [""Watson has an exclusivity obligation that restricts him from endorsing or advising other golf club manufacturers, with limited exceptions."", ""Watson may be required to repay a portion of base compensation if he fails to meet minimum tournament participation, and repayment may also be required upon termination for death, disability, or breach."", ""Adams Golf has unilateral termination rights for Watson's misconduct (moral turpitude, law violations, public disrepute, derogatory statements) within 90 days of senior management awareness."", ""Watson must indemnify Adams Golf for breaches of his representations, and Adams Golf indemnifies Watson for product liability claims, but only if Adams Golf controls the defense."", ""The contract contains a confidentiality clause prohibiting disclosure of terms, and any dispute must be resolved by arbitration in Kansas."", ""The contract includes a clause allowing Adams Golf to terminate if Watson is unable to play tour golf at all, with repayment obligations.""]}",,6091,579,stop,6.52,0.00517,results/raw/20260825T121020__summary__deepseek-v4-pro__ADAMSGOLFINC_03_21_2005-EX-10.17-ENDORSE.txt
FreezeTagInc_20180411_8-K_EX-10.1_11139603_EX-10.1_Sponsorship Agreement.txt,medium,4102,True,,True,"{""parties"": [""Freeze Tag, Inc. (Company)"", ""American Diabetes Association, Inc. (Association)""], ""purpose"": ""The agreement establishes a national sponsorship of the American Diabetes Association's Get Fit Don't Sit Day, with Freeze Tag providing financial support and promotional activities to advance the Association's mission."", ""key_obligations"": [""Company: Pay the Association a total sponsorship fee of $150,000 according to the schedule: $50,000 by Dec 31, 2018; $75,000 by Dec 31, 2019; $25,000 by Mar 30, 2020."", ""Company: Use the Association Marks only as authorized, in compliance with the license terms, and submit all uses for prior written approval."", ""Company: Obtain and maintain Commercial General Liability Insurance with specified limits, naming the Association as an additional insured."", ""Company: Provide quarterly samples of any items or materials bearing the Association Marks."", ""Company: Not knowingly take actions that would jeopardize the Association's tax-exempt status."", ""Association: Identify and acknowledge Company as a supporter in specified channels (e.g., website, press releases, e-newsletters, social media) as detailed in Attachment A."", ""Association: Grant Company a non-exclusive, limited, revocable license to use the Association Marks for the purpose of identifying Company as a supporter."", ""Both Parties: Maintain confidentiality of the agreement and any non-public business information."", ""Both Parties: Indemnify the other party for claims arising from their own negligent acts or omissions."", ""Both Parties: Notify each other of any infringement of marks and provide reasonable assistance in protecting them.""], ""term"": ""Commences March 15, 2018 and expires March 14, 2020, unless terminated earlier under Section 13 (termination provisions). No renewal terms specified."", ""risks"": [""Termination for convenience: Either party may terminate with 10 business days' written notice if it determines in its sole discretion that continuation will damage its reputation or goodwill."", ""Unilateral termination for material breach: The non-breaching party may terminate if the breach is not remedied within 10 business days after written notice."", ""No liability cap: The indemnification clause does not include a cap on liability, and each party indemnifies the other for its own negligence."", ""IP ownership: The Association retains sole ownership of its marks, and Company cannot challenge that ownership. Company's use is limited and revocable."", ""No exclusivity: The Association may license similar marks to other companies during the term."", ""Approval rights: The Association has sole discretion to approve all uses of its marks, and failure to obtain prior approval may be considered a breach and cause for immediate cancellation."", ""Confidentiality obligations: The agreement's confidentiality clause extends beyond the term and covers all non-public business information of Company."", ""Governing law and venue: The agreement is governed by Virginia law with venue in Alexandria/Arlington, Virginia, which may be inconvenient for Company.""]}",,5628,653,stop,6.32,0.00501,results/raw/20260825T121028__summary__deepseek-v4-pro__FreezeTagInc_20180411_8-K_EX-10.1_111396.txt
PelicanDeliversInc_20200211_S-1_EX-10.3_11975895_EX-10.3_Development Agreement2.txt,medium,4870,True,,True,"{""parties"": [""Dot Com LLC, OBA Seattle Software Developers (Developer)"", ""Pelican Delivers Inc. (Client)""], ""purpose"": ""This agreement governs the development and delivery of the 'Pelican Delivers Application Phase 1' software, including related services, deliverables, and documentation, with the Client owning the resulting work product."", ""key_obligations"": [""Developer must design, develop, and deliver the Subject Program and related deliverables per the SOW and Specifications."", ""Client must perform Acceptance Tests within specified timeframes and notify Developer of any Change Requests within 10 days of the Acceptance Test Date."", ""Developer must correct deficiencies identified in Change Requests within 20 days (or 15 days for final deliverable) and provide modified deliverables for re-testing."", ""Client must pay Fees according to the Fee Payment Schedule in the SOW, and may owe a Bonus if Developer completes early."", ""Client must provide necessary information and assistance to Developer for the project."", ""Developer must transfer all Works to Client upon full payment, as work made for hire."", ""Both parties must maintain confidentiality of each other's Confidential Information and notify of any suspected disclosure."", ""Client must indemnify Developer for certain claims, and Developer must indemnify Client for certain claims, including IP infringement.""], ""term"": ""Commences on the Effective Date (December 3, 2018) and continues through completion or termination of the Project; no specific end date or renewal terms specified."", ""risks"": [""Client has unilateral termination rights without cause upon two weeks' notice, but must pay for services rendered up to termination."", ""Developer retains ownership of its pre-existing Developer Technology, and Client only gets a license to use it as part of the Works, not standalone."", ""Client waives moral rights in content provided to Developer."", ""Non-disparagement clause restricts both parties from making negative statements about each other."", ""Indemnification obligations are broad, covering breaches, gross negligence, and IP infringement, with no liability cap."", ""Termination assistance services are available at additional cost to Client."", ""Developer may assign its rights and delegate obligations to a successor without Client's consent.""]}",,6855,440,stop,5.3,0.0054,results/raw/20260825T121034__summary__deepseek-v4-pro__PelicanDeliversInc_20200211_S-1_EX-10.3_.txt
AMBASSADOREYEWEARGROUPINC_11_17_1997-EX-10.28-ENDORSEMENT AGREEMENT.txt,medium,5780,True,,True,"{""parties"": [""Kathy Ireland, Inc. (licensor)"", ""The Sterling/Winters Co. (agent/producer)"", ""Diplomat Ambassador Eyewear Group (licensee)""], ""purpose"": ""This agreement grants Diplomat an exclusive license to use Kathy Ireland's name and likeness in connection with the manufacture, sale, and distribution of eyewear products, in exchange for royalty payments and other obligations."", ""key_obligations"": [""Diplomat must pay royalties to KI Inc. based on net wholesale volume, with minimum royalty guarantees for each license year."", ""Diplomat must provide periodic sales statements and royalty payments to KI Inc."", ""KI Inc. grants Diplomat an exclusive license for specified eyewear products worldwide."", ""KI must endorse KI Eyewear and make personal appearances and participate in photo and video sessions as specified."", ""Diplomat must obtain product liability insurance and indemnify KI Inc. and KI against certain claims."", ""Diplomat must comply with quality standards and obtain KI Inc.'s approval for products and promotional materials."", ""Diplomat must keep accurate records and allow KI Inc. to inspect them."", ""Diplomat must not assign or sublicense its rights without KI Inc.'s consent.""], ""term"": ""Commences August 1, 1995 and continues until January 30, 2000, unless terminated earlier. Either party may terminate if Kmart does not carry the eyewear before the end of the first license year. No renewal provisions specified."", ""risks"": [""Diplomat has no right to terminate except for Kmart non-carry or under force majeure; KI Inc. has broad termination rights for non-performance, bankruptcy, or violation."", ""KI Inc. has unilateral control over infringement actions and approval of promotional materials, which may delay or restrict Diplomat's marketing."", ""All artwork and designs created for the products become property of SW, not Diplomat, even if created by Diplomat."", ""Diplomat must indemnify KI Inc. and KI for product defects and unauthorized use, with no liability cap."", ""Minimum royalties are non-refundable, and termination does not relieve Diplomat of payment obligations for sales made prior to termination."", ""Diplomat is restricted from selling to certain channels (e.g., premiums, giveaways) without KI Inc.'s consent."", ""KI Inc. may terminate if Diplomat uses another endorser whose public image is inconsistent with KI's, subject to cure period.""]}",,8141,508,stop,5.61,0.00638,results/raw/20260825T121041__summary__deepseek-v4-pro__AMBASSADOREYEWEARGROUPINC_11_17_1997-EX-.txt
GSVINC_05_15_1998-EX-10-SPONSORSHIP AGREEMENT.txt,medium,5880,True,,True,"{""parties"": [""Excite, Inc. (provider of promotional placements and advertising)"", ""CyberShop (Client, sponsor/advertiser)""], ""purpose"": ""This agreement sets out the terms under which Excite will promote CyberShop's online department store through various placements and advertising on the Excite Network, in exchange for sponsorship fees and a variable revenue share."", ""key_obligations"": [""Excite: Display specified links and promotional placements in the Excite Shopping Channel, WebCrawler Shopping Channel, Excite Lifestyle Channel, Excite Entertainment Channel, and WebCrawler Home & Family Channel, as detailed in Sections 1-4."", ""Excite: Deliver a specified number of impressions for the first year and negotiate in good faith for the second year's impressions; if no agreement, Client may cancel under certain conditions."", ""Excite: Display Client's banner advertising on search results and channels, with a guaranteed number of banners in the first year."", ""Excite: Provide monthly reports on impressions and clickthroughs, and maintain records for verification."", ""Excite: Use good faith to ensure Client's banners are more prominently presented than those of competitive retailers."", ""Client: Pay sponsorship and advertising fees in equal monthly installments for each year of the term."", ""Client: Pay a variable revenue share based on sales derived from the promotional placements, with payments due within 30 days after each month."", ""Client: Maintain accurate records of sales for revenue share calculations and allow inspection by Excite's accountant under certain conditions."", ""Both parties: Keep terms confidential and not make public statements without prior approval."", ""Both parties: Comply with trademark and content ownership provisions, and use each other's marks only as specified."", ""Client: Provide all User Data collected to Excite within 30 days after each month, and not use User Data to solicit Excite users for 12 months after termination."", ""Both parties: Indemnify the other against certain third-party claims as specified in Section 13.""], ""term"": ""Term begins on Launch Date (target April 15, 1998) and continues until Excite displays a total of a specified number of impressions and makes reasonable efforts to deliver a goal of clickthroughs, but in no event shorter than two years after first display, subject to termination rights. No renewal clause specified."", ""risks"": [""Client may terminate if Excite fails to deliver specified clickthroughs by certain deadlines, but only after extension periods."", ""Either party may terminate for material breach if uncured for 30 days."", ""Excite has sole control over the look and feel and placement of promotional links, which may affect prominence."", ""Client's liability for damages is capped at amounts paid to Excite under the agreement, except for indemnification obligations."", ""Client must indemnify Excite for claims arising from its banners or content on the Client Site."", ""Confidentiality and User Data provisions impose restrictions on use and disclosure, with potential for equitable relief for breach."", ""The agreement contains a non-compete-like provision requiring Excite to give Client more prominent placement than competitive retailers, but no explicit exclusivity."", ""Dispute resolution requires negotiation, mediation, and binding arbitration, except for IP/confidentiality disputes which may seek equitable relief.""]}",,8737,667,stop,6.83,0.00709,results/raw/20260825T121049__summary__deepseek-v4-pro__GSVINC_05_15_1998-EX-10-SPONSORSHIP_AGRE.txt
"NETGEAR,INC_04_21_2003-EX-10.16-DISTRIBUTOR AGREEMENT.txt",medium,6029,True,,True,"{""parties"": [""Ingram Micro (Distributor)"", ""NETGEAR, Inc. (Manufacturer/Supplier)""], ""purpose"": ""This agreement appoints Ingram Micro as a distributor of NETGEAR hardware and software products for resale within the United States, and sets out the terms for purchasing, selling, and licensing those products."", ""key_obligations"": [""Ingram Micro must purchase products from NETGEAR and resell them only to resellers, not directly to end users without NETGEAR's consent."", ""Ingram Micro must provide first-level support to its customers, while NETGEAR provides second and third-level support."", ""Ingram Micro must maintain trained staff and conduct marketing activities as described in the Marketing Plan (Exhibit 4)."", ""Ingram Micro must submit monthly point-of-sale reports and inventory reports to NETGEAR."", ""NETGEAR must supply products at the prices and discounts specified in the Price List and Exhibit 1."", ""NETGEAR must honor warranty obligations for hardware and software as described in the agreement.""], ""term"": ""Initial term of 1 year from March 1, 1996, with automatic renewal for successive one-year periods unless terminated by either party with 90 days' written notice."", ""risks"": [""NETGEAR has unilateral right to change the discount schedule with 30 days' notice (Section 18.D)."", ""NETGEAR may terminate the agreement immediately for Ingram Micro's material breach if not cured within 30 days, and may cancel all unfulfilled orders."", ""Ingram Micro's exclusivity as distributor is only for the initial one-year term and is conditioned on performing marketing activities; after that, NETGEAR may appoint other distributors."", ""NETGEAR's liability is capped at the amounts paid by Ingram Micro under the agreement, and both parties disclaim consequential damages."", ""Ingram Micro must obtain NETGEAR's written consent to export products outside the United States, and is responsible for all export/import permits and taxes."", ""NETGEAR's indemnification for infringement is limited and excludes claims based on combinations with non-NETGEAR products or modifications by others.""]}",,8725,450,stop,4.78,0.00665,"results/raw/20260825T121055__summary__deepseek-v4-pro__NETGEAR,INC_04_21_2003-EX-10.16-DISTRIBU.txt"
"Columbia Laboratories, (Bermuda) Ltd. - AMEND NO. 2 TO MANUFACTURING AND SUPPLY AGREEMENT.txt",medium,7145,True,,True,"{""parties"": [""Columbia Laboratories (Bermuda) Ltd. (buyer)"", ""Fleet Laboratories Limited (manufacturer/supplier)""], ""purpose"": ""This amendment modifies the existing Manufacturing and Supply Agreement between Columbia and Fleet, under which Fleet manufactures and supplies certain products to Columbia. It updates definitions, regulatory compliance, equipment ownership, pricing, termination, and other terms."", ""key_obligations"": [""Fleet must comply with ANVISA standards and notify Columbia of changes to batch manufacturing records or manufacturing processes."", ""Fleet may subcontract with Columbia's prior written consent, but remains liable; Columbia may subcontract without consent."", ""Fleet must maintain and operate Columbia-owned equipment per cGMP/GDP, provide maintenance plans/reports, and keep equipment free of liens."", ""Columbia must provide production schedules; amounts for the first period are binding purchase orders, later periods are non-binding forecasts."", ""Fleet must deliver products EXW its Watford facility; risk passes to Columbia upon carrier receipt."", ""Columbia must pay invoices within a specified period (redacted) in pounds sterling."", ""Both parties must maintain specified insurance coverage."", ""Fleet must indemnify Columbia for certain breaches and manufacturing failures; Columbia must indemnify Fleet for post-delivery product liability and IP claims."", ""Both parties must keep confidential information confidential for 5 years after termination, with permitted disclosures."", ""Both parties must comply with anti-bribery laws and maintain compliance policies."", ""Fleet must assist with technology transfer and continued supply upon termination if requested by Columbia.""], ""term"": ""Initial term expires 31 December 2024 unless extended by mutual written agreement. Termination provisions allow earlier termination under specified conditions."", ""risks"": [""Columbia has unilateral termination rights for Fleet's loss of authorizations, change of control, inability to supply at competitive price, or termination of the Ares Agreement."", ""Fleet must provide assistance and transfer technology on termination, with Columbia reimbursing reasonable costs."", ""Columbia owns all equipment provided to Fleet; Fleet cannot move or use it for other purposes without consent."", ""Fleet is liable for loss/damage to Columbia Equipment caused by its negligence or wilful misconduct."", ""Pricing adjustments are tied to CPI and certain costs, with Fleet able to adjust certain components with notice."", ""Confidentiality obligations extend 5 years post-termination, with broad permitted disclosures."", ""Indemnities are broad, with Fleet indemnifying for manufacturing failures and Columbia for post-delivery product liability."", ""Insurance requirements are specified but amounts are redacted."", ""The agreement is governed by English law with exclusive English court jurisdiction.""]}",,10151,530,stop,6.22,0.00775,"results/raw/20260825T121102__summary__deepseek-v4-pro__Columbia_Laboratories,_(Bermuda)_Ltd._-_.txt"
LegacyEducationAllianceInc_20200330_10-K_EX-10.18_12090678_EX-10.18_Development Agreement.txt,medium,7337,True,,True,"{""parties"": [""T&B Seminars, Inc. (licensor)"", ""Legacy Education Alliance Holdings, Inc. (licensee)""], ""purpose"": ""This agreement grants LEA an exclusive worldwide license to use T&B's intellectual property, including Tarek El Moussa's name, image, and likeness, to develop and operate a branded real estate education seminar business."", ""key_obligations"": [""LEA must pay T&B base and marketing royalties based on Cash Sales, with a minimum guaranteed royalty of $200,000 per month starting in the seventh month."", ""LEA must provide administrative and operational services for the business, including marketing, event planning, sales, and class fulfillment."", ""T&B must provide marketing support, including images, videos, copy, and personal appearances by Tarek El Moussa (six per year, plus up to ten 'big stage' events)."", ""T&B must not grant third-party licenses in the Exclusive Field of Use during the Term."", ""LEA must not contract with Christina Anstead during the Term."", ""Both parties must maintain confidentiality of each other's Confidential Information."", ""LEA must maintain insurance coverage of at least $10 million per occurrence and aggregate, naming T&B and Tarek El Moussa as additional insureds.""], ""term"": ""Initial term of 5 years, automatically renewable for successive 5-year terms unless either party gives 90 days' written notice before the end of a term. T&B may terminate after the first year if Cash Sales benchmarks are not met."", ""risks"": [""LEA has exclusive worldwide rights, and T&B is restricted from licensing or selling similar products in the Exclusive Field of Use during the Term."", ""T&B can terminate the agreement if monthly royalty payments do not exceed the minimum guaranteed royalty for six consecutive months."", ""LEA must pay a minimum guaranteed royalty of $200,000 per month regardless of actual sales, starting in the seventh month."", ""LEA indemnifies T&B for claims arising from promotion, distribution, or sale of products, including regulatory actions, and must maintain high insurance limits."", ""The agreement includes a broad confidentiality clause with injunctive relief for breach."", ""Upon termination, LEA has only a 6-month sell-off period to fulfill customer commitments, after which it must cease using the licensed marks."", ""The agreement is governed by New York law, which may be unfamiliar to the parties."", ""There is no liability cap for breaches of confidentiality or indemnification obligations, and consequential damages are excluded except for third-party claims.""]}",,10435,523,stop,5.75,0.00792,results/raw/20260825T121110__summary__deepseek-v4-pro__LegacyEducationAllianceInc_20200330_10-K.txt
NANOPHASETECHNOLOGIESCORP_11_01_2005-EX-99.1-DISTRIBUTOR AGREEMENT.txt,medium,7663,True,,True,"{""parties"": [""Johnson Matthey Catalog Company, Inc. d/b/a Alfa Aesar (exclusive distributor)"", ""Nanophase Technologies Corporation (manufacturer/supplier)""], ""purpose"": ""This agreement appoints Alfa Aesar as the exclusive worldwide distributor of Nanophase Technologies' nanomaterials and dispersions in research quantities for research purposes, with Nanophase retaining rights to sell commercial quantities and provide free samples."", ""key_obligations"": [""Alfa Aesar: use reasonable efforts to promote, market, sell and distribute research quantities of the products worldwide; purchase all its requirements of such products exclusively from Nanophase; repackage products into research sample quantities; maintain sufficient stocks."", ""Nanophase: sell products to Alfa Aesar at the agreed prices; accept purchase orders unless rejected within 3 days; ship products FOB/FCA; provide training and marketing/technical support; pay referral commissions on sales referred by Alfa Aesar."", ""Both parties: comply with confidentiality obligations; maintain comprehensive general liability insurance of at least $2,000,000; indemnify the other for certain breaches and misconduct.""], ""term"": ""Initial term of 5 years from October 24, 2005, automatically renewing for additional 2-year terms unless either party gives 6 months' notice of non-renewal; terminable for material breach (60 days' cure), insolvency, or by either party for any reason with 6 months' notice."", ""risks"": [""Alfa Aesar has exclusive distribution rights but must purchase all its requirements exclusively from Nanophase, restricting sourcing alternatives."", ""Nanophase retains rights to sell commercial quantities and provide free samples, potentially competing with Alfa Aesar's sales."", ""Alfa Aesar may be liable for indemnification to Nanophase for its breach of warranties, gross negligence, or willful misconduct."", ""The agreement includes a broad confidentiality clause with limited exceptions and requires return of confidential information upon termination."", ""Termination allows Alfa Aesar to sell remaining inventory but also imposes obligations that survive termination, such as referral commissions and indemnities."", ""Disputes are subject to binding arbitration, with exceptions for certain IP and confidentiality claims, and the arbitration location is the respondent's location.""]}",,10664,465,stop,5.33,0.00796,results/raw/20260825T121117__summary__deepseek-v4-pro__NANOPHASETECHNOLOGIESCORP_11_01_2005-EX-.txt
PenntexMidstreamPartnersLp_20150416_S-1A_EX-10.4_9042833_EX-10.4_Transportation Agreement.txt,medium,7965,True,,True,"{""parties"": [""PennTex North Louisiana Operating, LLC (Transporter)"", ""MRD Operating LLC (Customer)""], ""purpose"": ""This agreement provides for the transportation of natural gas on Transporter's pipeline system, with Transporter receiving Customer Gas at designated points and delivering equivalent quantities to specified delivery points, subject to firm and interruptible service terms."", ""key_obligations"": [""Transporter: Provide firm transportation service for up to 400,000 MMBtu per day of Customer Gas, and interruptible service for excess quantities, delivering equivalent quantities at the Points of Delivery."", ""Customer: Deliver or cause delivery of all owned or controlled residue gas from the Plants to the Transportation System during the Term."", ""Customer: Pay a transportation fee of $0.04 per MMBtu for all gas received and delivered, plus any other agreed fees for compression services."", ""Customer: Accept delivery of equivalent quantities of gas at the Points of Delivery."", ""Customer: Maintain a balanced position and comply with nomination and confirmation procedures, with imbalances cashed out monthly."", ""Customer: Provide performance assurance (e.g., letter of credit, prepayment, or guarantee) if requested due to non-payment.""], ""term"": ""Commences on the Effective Date (April 14, 2015) and continues for 15 Contract Years, then continues until terminated by either party with 30 days' prior written notice."", ""risks"": [""Customer has no minimum volume obligation, but must still pay fees for services provided."", ""Transporter may curtail service on a pro rata basis for force majeure, maintenance, or safety, and may interrupt interruptible service for any reason."", ""Customer indemnifies Transporter for claims arising from Customer's breach of warranties, but not for Transporter's gross negligence or willful misconduct."", ""Both parties waive consequential, incidental, punitive, and indirect damages, except for third-party claims subject to indemnification."", ""Transporter may suspend service if Customer fails to pay undisputed amounts after 10 days' notice, and may require performance assurance."", ""Customer's assignment rights are limited; assignment to a third party requires Transporter's consent and creditworthiness approval.""]}",,11117,447,stop,5.02,0.00822,results/raw/20260825T121124__summary__deepseek-v4-pro__PenntexMidstreamPartnersLp_20150416_S-1A.txt
CORIOINC_07_20_2000-EX-10.5-LICENSE AND HOSTING AGREEMENT.txt,long,8396,True,,True,"{""parties"": [""Corio Inc. (licensee/host)"", ""Commerce One, Inc. (licensor)""], ""purpose"": ""This agreement grants Corio a license to host and sublicense Commerce One's proprietary software (Hosted BuySite) and related MarketSite.net services to Corio's customers, with joint marketing and support arrangements."", ""key_obligations"": [""Commerce One: grant Corio perpetual, nonexclusive licenses to reproduce, install, host, and sublicense the Software and MarketSite.net Service to Customers in the Territory."", ""Corio: pay license fees, annual maintenance and support fees, MarketSite.net access fees, and revenue-sharing fees as set out in Exhibit B."", ""Corio: secure end user license agreements from Software Users containing minimum terms in Exhibit E."", ""Commerce One: deliver the Software, provide Updates/Upgrades, support and maintenance per Exhibit C, and provide installation, implementation, and training services."", ""Both parties: engage in joint marketing and sales activities per Exhibit D, and maintain confidentiality per Section 10.""], ""term"": ""Initial term of 5 years from the Effective Date (October 29, 1999), automatically renewing for successive 1-year periods unless either party gives at least 30 days' written notice before expiration."", ""risks"": [""Corio's license is nonexclusive and nontransferable (except with consent or in merger/acquisition), and Corio cannot decompile or reverse engineer the Software."", ""Commerce One's liability is capped at fees paid by Corio in the 12 months preceding a claim, and both parties exclude consequential damages (except for indemnification claims under Section 8)."", ""Commerce One has broad indemnification obligations for IP infringement, but Corio must promptly notify and tender control of defense; Commerce One may terminate the agreement and refund a pro-rated fee if infringement cannot be cured."", ""Corio must pay revenue-sharing fees on Application Management Revenue, with limitations and exclusions detailed in Exhibit B."", ""Source code escrow release conditions are limited to Commerce One's dissolution or repeated uncured breach of support obligations, and Corio bears escrow costs."", ""The agreement contains a covenant not to sue for patent infringement related to jointly developed 'Developments', but ownership of jointly developed IP is to be negotiated separately."", ""Corio may assign the agreement without consent in a merger/acquisition unless the acquirer is a direct competitor of Commerce One, in which case consent is required.""]}",,12124,508,stop,5.72,0.00901,results/raw/20260825T121129__summary__deepseek-v4-pro__CORIOINC_07_20_2000-EX-10.5-LICENSE_AND_.txt
ENERGYXXILTD_05_08_2015-EX-10.13-Transportation AGREEMENT.txt,long,9243,True,,True,"{""parties"": [""ENERGY XXI GULF COAST, INC. (Shipper)"", ""ENERGY XXI USA, INC. (Transporter)""], ""purpose"": ""This agreement sets out the terms under which Transporter will transport Shipper's Crude Petroleum on Transporter's Grand Isle Gathering System from designated Receipt Points to a Delivery Point at Grand Isle, in exchange for transportation charges."", ""key_obligations"": [""Shipper must nominate Crude Petroleum for transportation in writing by the 25th day of the month preceding the month of transport, and must comply with quality and pressure specifications."", ""Transporter must accept and transport Shipper's Crude Petroleum and redeliver it at the Delivery Point, subject to deductions for losses."", ""Shipper must pay transportation rates and other charges as set out in Exhibit A, including handling charges for excess BS&W and disposal fees."", ""Shipper must provide or arrange for pumping equipment and other facilities to deliver Crude Petroleum to the Gathering System, and must allow Transporter access to platforms for inspection and maintenance."", ""Shipper must participate in the Gravity Bank and make or receive adjustments based on gravity differentials."", ""Shipper must provide line fill and tank bottom inventory as required by Transporter."", ""Shipper must indemnify Transporter for certain claims and losses, and Transporter must indemnify Shipper for certain claims and losses."", ""Both parties must maintain confidentiality of the agreement and related information.""], ""term"": ""Commences on the Effective Date (March 11, 2015) and continues until terminated by either party upon 30 days' prior written notice."", ""risks"": [""Transporter has broad discretion to shut down operations for safety, operational integrity, or maintenance, with no liability to Shipper for such shutdowns."", ""Transporter may reject shipments that do not meet quality specifications or contain contaminants, and Shipper bears liability for contamination, including disposal costs and claims from third parties."", ""Transporter has a lien on all Crude Petroleum in its possession to secure payment, and may sell the Crude Petroleum at a private sale if Shipper fails to pay undisputed charges."", ""Shipper's obligation to pay transportation charges is not excused by Force Majeure, even if the Force Majeure affects Transporter."", ""Shipper may not assign its rights without Transporter's consent, which may be withheld in Transporter's sole discretion, while Transporter may assign freely."", ""The agreement includes a mutual waiver of consequential and punitive damages, but this does not apply to indemnification obligations for third-party claims."", ""The agreement is governed by Texas law and disputes must be brought in Harris County, Texas, with a jury trial waiver.""]}",,14538,556,stop,6.02,0.0107,results/raw/20260825T121137__summary__deepseek-v4-pro__ENERGYXXILTD_05_08_2015-EX-10.13-Transpo.txt
CerenceInc_20191002_8-K_EX-10.4_11827494_EX-10.4_Intellectual Property Agreement.txt,long,9608,True,,True,"{""parties"": [""Nuance Communications, Inc. (licensor to SpinCo; licensee from SpinCo)"", ""Cerence Inc. (SpinCo) (licensee from Nuance; licensor to Nuance)""], ""purpose"": ""This agreement records the assignment of intellectual property between Nuance and SpinCo in connection with a spin-off, and grants cross-licenses of patents, technology, and other IP for each party's respective field of use."", ""key_obligations"": [""Nuance grants SpinCo a non-exclusive, perpetual, irrevocable license under Nuance Patents, Nuance Shared Technology Assets, and other Nuance IP for the SpinCo Field of Use."", ""SpinCo grants Nuance a non-exclusive, perpetual, irrevocable license under SpinCo Patents, SpinCo Shared Technology Assets, and other SpinCo IP for the Nuance Field of Use."", ""Each party must execute and file intellectual property assignment agreements to record transfers of IP ownership as allocated under the Separation Agreement."", ""Each party must cooperate to release security interests on assigned IP."", ""SpinCo must not challenge Nuance's IP rights or use Nuance Shared Technology Assets in prohibited ways (e.g., reverse engineering, open source incorporation)."", ""Nuance must not challenge SpinCo's IP rights or use SpinCo Shared Technology Assets in prohibited ways (e.g., reverse engineering, open source incorporation)."", ""Each party must keep the other's Confidential Technical Information confidential and only disclose to permitted recipients."", ""Each party must comply with import/export control laws.""], ""term"": ""Perpetual and irrevocable licenses; the agreement may be terminated by mutual written agreement or by Nuance prior to the Distribution; otherwise no fixed term is specified."", ""risks"": [""Licenses are granted on an 'as is' basis with no warranties of merchantability, fitness, title, or non-infringement."", ""Each party disclaims liability for indirect, special, punitive, or consequential damages."", ""The agreement includes non-assert and non-challenge covenants that restrict each party from contesting the other's IP."", ""Assignment of the agreement or licenses requires consent except in cases of merger or sale of substantially all assets, with conditions."", ""Divested entities retain licenses only if they and any acquirer sign a written undertaking within 90 days."", ""The agreement does not grant rights to OEM Technology, which is subject to separate agreements."", ""No obligation to prosecute or maintain patents is imposed on either party.""]}",,13519,509,stop,5.27,0.00993,results/raw/20260825T121143__summary__deepseek-v4-pro__CerenceInc_20191002_8-K_EX-10.4_11827494.txt
PareteumCorp_20081001_8-K_EX-99.1_2654808_EX-99.1_Hosting Agreement.txt,long,10213,True,,True,"{""parties"": [""Elephant Talk Communication Holding AG (MVNE/hosted party)"", ""T-Mobile Netherlands B.V. (network operator/hosting provider)""], ""purpose"": ""T-Mobile provides wholesale mobile network hosting services to Elephant Talk, enabling Elephant Talk to offer mobile telecommunications services to its own customers (MVNO/ESP/SP model) using the T-Mobile network in the Netherlands."", ""key_obligations"": [""T-Mobile: provide hosting services as described in Appendix 1, from the Ready for Service Date, in accordance with service levels (Appendix 6)."", ""Elephant Talk: pay development costs and service fees as set out in Appendix 2 and article 9."", ""Elephant Talk: provide quarterly forecasts of usage (Appendix 4)."", ""Elephant Talk: comply with data protection and privacy laws, and ensure its customers do so."", ""Elephant Talk: maintain its own customer support organization; T-Mobile provides second-line support."", ""Elephant Talk: not to provide hosting services to certain excluded categories of customers without T-Mobile's approval (article 2.5)."", ""Elephant Talk: implement and maintain its infrastructure in accordance with technical specifications (Appendix 11)."", ""T-Mobile: support lawful interception obligations (Appendix 5).""], ""term"": ""Initial term of *** from Commercial Launch Date; renewable for consecutive *** periods unless terminated with *** notice; termination notice required before end of initial term."", ""risks"": [""Elephant Talk has exclusivity restriction: cannot enter into similar hosting agreements with other *** in the Netherlands during initial term (article 2.3)."", ""Elephant Talk bears risk of fraud, high usage, and non-payment by its customers (article 9.2.11)."", ""T-Mobile may suspend or terminate hosting services for certain reasons (e.g., fraud, maintenance) without liability (article 13)."", ""Liability is capped: for direct damage to property or personal injury up to *** per event and *** per 12 months; for material breach up to *** or *** (whichever higher) per 12 months (article 12.1)."", ""No liability for indirect or consequential loss (article 12.2)."", ""Elephant Talk must indemnify T-Mobile against claims from its customers or third parties related to its contractual relationships (article 12.6)."", ""Elephant Talk must indemnify T-Mobile for IP infringement claims attributable to Elephant Talk (article 15.4)."", ""T-Mobile retains all IP rights in hosting services; Elephant Talk gets a limited licence (article 15.5-15.6)."", ""Confidentiality obligations survive termination for 2 years (article 11.5)."", ""Non-solicitation clause: neither party may solicit the other's employees for 1 year after termination, with penalty of 18 months' salary (article 20.5).""]}",,15378,608,stop,5.93,0.01135,results/raw/20260825T121151__summary__deepseek-v4-pro__PareteumCorp_20081001_8-K_EX-99.1_265480.txt
EtonPharmaceuticalsInc_20191114_10-Q_EX-10.1_11893941_EX-10.1_Development Agreement.txt,long,10256,True,,True,"{""parties"": [""Eton Pharmaceuticals, Inc. (licensee)"", ""Aucta Pharmaceuticals, Inc. (licensor)""], ""purpose"": ""This agreement grants Eton an exclusive license to develop, market, and sell certain pharmaceutical products in the U.S. territory, with Aucta responsible for development and regulatory approval, and Eton paying licensing fees, milestones, and royalties."", ""key_obligations"": [""Aucta: grant Eton an exclusive license to the Products, Dossiers, and Aucta Background Intellectual Property for marketing in the Territory"", ""Aucta: be responsible for all development and manufacturing activities required for filing and approval of Dossiers"", ""Aucta: be responsible for all regulatory activities and hold/maintain the approved Dossiers"", ""Aucta: not research, develop, manufacture, file, sell, market, or distribute more than two products containing Lamotrigine during the Term and for two years thereafter"", ""Eton: pay licensing fees of up to $5,000,000 based on the schedule in Section 6.1"", ""Eton: pay commercial milestones of up to $18,000,000 based on Net Sales thresholds"", ""Eton: pay royalties on Net Sales, including a minimum royalty provision (redacted)"", ""Eton: use commercially reasonable efforts to Market the Products in the Territory"", ""Eton: be solely responsible for Marketing decisions and determine all terms and conditions of sale"", ""Eton: provide reports and pay royalties within 30 days after each Calendar Quarter"", ""Eton: perform interim and final true-up reconciliations of Net Sales deductions"", ""Both parties: maintain general liability insurance of at least $5,000,000 per occurrence and $10,000,000 aggregate"", ""Both parties: keep each other's Confidential Information confidential"", ""Both parties: cooperate in ANDA Litigation and share costs equally"", ""Both parties: not make public announcements without prior written consent of the other party""], ""term"": ""The Term begins upon the Effective Date (which requires Eton executing a commercial supply agreement within 45 days of Execution Date and FDA acceptance of the Dossier by September 2, 2019) and ends upon termination or expiration as set forth in Section 11. No renewal provisions are specified."", ""risks"": [""Eton has unilateral termination rights under Section 11.4(a) if the Dossier is not approved by December 31, 2020, and under Section 11.4(b) with 180 days' notice after approval"", ""If Aucta terminates for breach or bankruptcy, Eton must transfer all rights and licenses back to Aucta within 30 days, and Aucta may keep all payments made"", ""If Eton terminates under Section 11.4(a) or (b), Aucta may keep all payments and rights revert to Aucta"", ""Aucta has final decision-making authority in ANDA Litigation if disagreements are not resolved"", ""Aucta is solely responsible for patent prosecution and maintenance of Aucta Background Intellectual Property, but if Aucta contemplates abandoning patents, Eton may pursue them at its own cost"", ""The agreement includes a broad limitation of liability excluding indirect, special, incidental, consequential, or exemplary damages"", ""Aucta has a non-compete restriction limiting it to no more than two Lamotrigine products during the Term and for two years after"", ""The agreement includes indemnification obligations for each party, with Aucta indemnifying for manufacturing/regulatory issues and Eton for marketing/sales issues"", ""The agreement includes a force majeure clause allowing termination if a Force Majeure Event lasts 30 days or more, with a 60-day notice period"", ""The agreement includes a confidentiality clause that survives termination for 5 years""]}",,14657,795,stop,7.72,0.01125,results/raw/20260825T121200__summary__deepseek-v4-pro__EtonPharmaceuticalsInc_20191114_10-Q_EX-.txt
VERTICALNETINC_04_01_2002-EX-10.19-MAINTENANCE AND SUPPORT AGREEMENT.txt,long,10705,True,,True,"{""parties"": [""VerticalNet, Inc. (VNI) (licensor/provider)"", ""VerticalNet Enterprises LLC (VNE) (provider)"", ""Converge, Inc. (customer)""], ""purpose"": ""This agreement provides maintenance and support services for software products licensed under a separate Subscription License Agreement, including problem resolution, updates, and professional services."", ""key_obligations"": [""VNE must provide maintenance and support services (Level 2 and 3) for Supported Products, responding to Problem Reports and Support Requests per severity levels."", ""VNE must provide Maintenance Updates as generally available and deliver them to Converge."", ""VNE must provide Professional Services, including training, work plans, and enhancements as agreed."", ""Converge must pay fees: $4,500,000 in 18 monthly installments of $250,000, plus out-of-scope services and expenses."", ""Converge must provide Level 1 support, designate support personnel, and report problems with required information."", ""Converge must install Maintenance Updates within a reasonable time (generally not exceeding 90 days)."", ""Converge must provide remote access to servers for VNE to perform support."", ""Both parties must maintain confidentiality of each other's Confidential Information."", ""Both parties must not solicit each other's employees during term and one year after.""], ""term"": ""Initial Term from October 1, 2001 to March 31, 2003; renewable only by mutual written agreement for up to three one-year renewal terms. If services are incomplete at expiration, agreement continues for those services."", ""risks"": [""VNE's liability is capped at amounts paid for enhancements and for maintenance/support services during the three months preceding the claim; consequential damages are disclaimed."", ""Converge must pay for out-of-scope services at VNE's then-current rates if it requests services exceeding the Quarterly Allocation."", ""VNE owns all Converge-Requested Enhancements, and Converge grants VNE a broad license to any Converge-Independent Materials and Third-Party Materials incorporated."", ""Converge has no right to receive Source Code for Maintenance Updates or Enhancements unless otherwise agreed."", ""VNE may terminate the agreement upon Converge's failure to pay within 3 business days after notice, and the agreement automatically terminates if the Subscription License Agreement terminates."", ""Converge must reimburse VNE for travel expenses if remote access is unavailable, and for higher severity responses if the problem is not an Error."", ""The agreement contains a non-solicitation clause restricting hiring of each other's employees for one year after termination.""]}",,14917,538,stop,6.07,0.01091,results/raw/20260825T121208__summary__deepseek-v4-pro__VERTICALNETINC_04_01_2002-EX-10.19-MAINT.txt
ScansourceInc_20190822_10-K_EX-10.38_11793958_EX-10.38_Distributor Agreement1.txt,long,12904,True,,True,"{""parties"": [""ScanSource, Inc. (Distributor)"", ""Cisco Systems, Inc. (Cisco)""], ""purpose"": ""This agreement appoints ScanSource as a non-exclusive value added distributor of Cisco products and services to authorized resellers within the United States (excluding territories), setting terms for purchase, resale, support, and related obligations."", ""key_obligations"": [""Distributor must purchase and resell only authorized Cisco products and services to authorized resellers within the territory."", ""Distributor must pass through Cisco's limited warranties to resellers and not make additional warranties on Cisco's behalf."", ""Distributor must comply with Cisco's trademark usage policies and not acquire, use, promote, or resell non-genuine products."", ""Distributor must maintain accurate records and provide reports to Cisco as specified, including daily inventory reports and point-of-sale data."", ""Distributor must comply with all applicable laws, including export controls and anti-bribery laws."", ""Cisco must provide products at prices listed on the Value Added Distributor Price List and support services as described in Exhibit B."", ""Cisco must defend and indemnify Distributor against certain third-party IP infringement claims, subject to conditions."", ""Cisco must repurchase inventory upon termination by Cisco for convenience or by Distributor for Cisco's material breach, subject to conditions.""], ""term"": ""Commences on the Effective Date (January 22, 2007) and continues for two years, unless extended by written agreement or terminated earlier. Cisco may extend the term by written notice up to one year beyond the then-current expiration. Either party may terminate without cause with [*****] days' notice."", ""risks"": [""Cisco has unilateral termination rights for convenience with [*****] days' notice, and immediate termination for certain breaches (e.g., confidentiality, export)."", ""Distributor waives any claim to damages or indemnification upon termination, including loss of future profits or goodwill."", ""Cisco's liability is capped at the greater of [*****] or the money paid to Cisco for products/services during the [*****] period preceding the claim, and consequential damages are waived."", ""Distributor must indemnify Cisco for any warranties it makes beyond Cisco's standard warranty and for violations of applicable laws."", ""Cisco may terminate the agreement if Distributor or its parent is acquired by or acquires a competitor, or if a controlling interest is transferred."", ""Distributor is prohibited from purchasing products for resale from any source other than Cisco, except for returns from resellers."", ""Cisco may withhold warranty and support for unauthorized Cisco products unless they pass inspection and fees are paid."", ""Distributor must bear costs of returning obsolete product and inventory balance returns, and must comply with strict RMA procedures.""]}",,18467,579,stop,6.51,0.01333,results/raw/20260825T121216__summary__deepseek-v4-pro__ScansourceInc_20190822_10-K_EX-10.38_117.txt
TELEGLOBEINTERNATIONALHOLDINGSLTD_03_29_2004-EX-10.10-CONSTRUCTION AND MAINTENANCE AGREEMENT.txt,long,15095,True,,True,"{""parties"": [""Advantage Telecommunications Ltd (Party)"", ""Cable & Wireless Global Network Limited (Party)"", ""Cable & Wireless HKT International Limited (Terminal Party for Segment T3)"", ""China Telecom (Terminal Party for Segments T4 and T9)"", ""China United Telecommunications Corporation (Party)"", ""Chunghwa Telecom Co., Ltd. (Terminal Party for Segment T8)"", ""Concert Global Network Services, Ltd. (Party)"", ""Global One Communications Network, Inc. (Party)"", ""Japan Telecom Co., Ltd. (Party)"", ""KDD Corporation (Terminal Party for Segment T7)"", ""Korea Telecom (Terminal Party for Segment T5)"", ""KPN Telecom B.V. (Party)"", ""Layer 2 Communications Group Ltd. (Party)"", ""MCI International Telecommunications, Inc. (Party)"", ""Metromedia Fiber Network Services, Inc. (Party)"", ""New Century InfoComm Ltd., Preparatory Office (Party)"", ""NTT Communications Corporation (Terminal Party for Segment T6)"", ""Onelink Cable Network Limited (Party)"", ""Philippine Long Distance Telephone Company (Terminal Party for Segment T10)"", ""Singapore Telecommunications Limited (Terminal Party for Segment T1)"", ""StarHub Pte Ltd (Party)"", ""Taiwan Fixed Network Co., Ltd. Preparatory Office (Party)"", ""Teleglobe USA Inc. (Party)"", ""Telekom Malaysia Berhad (Terminal Party for Segment T2)"", ""Telstra Global Networks Limited (Party)"", ""Williams Communications, Inc. (Party)"", ""APT Satellite Telecommunications Limited (Party)"", ""Bayan Telecommunications, Inc. (Party)"", ""China Netcom Corporation Ltd. (Party)"", ""The Communications Authority of Thailand (Party)"", ""CTI International Limited (Party)"", ""Dacom Corporation (Party)"", ""edge2net Inc. (Party)"", ""Eastern Telecommunications Philippines, Incorporated (Party)"", ""Global Access Ltd. (Party)"", ""Globe Telecom, Inc. (Party)"", ""GNG Networks, Inc. (Party)"", ""GTE Intelligent Network Service Incorporated (Party)"", ""PT Indosat (Persero) Tbk (Party)"", ""Maxis International Sdn. Bhd (Party)"", ""New World Telephone Limited (Party)"", ""NTT Com Asia Ltd. (Party)"", ""Onse Telecom Corporation (Party)"", ""Telia AB (publ) (Party)"", ""TT dotCom Sdn Bhd (Party)""], ""purpose"": ""This agreement establishes the terms for the construction, ownership, operation, and maintenance of the Asia Pacific Cable Network 2 (APCN 2), a submarine fiber optic cable system, and defines the rights and obligations of the parties regarding capacity allocation, use, and management."", ""key_obligations"": [""All parties: contribute to Capital Costs and O&M Costs in proportions set out in Schedule B."", ""Terminal Parties: provide, operate, and maintain their respective Segment T (terrestrial stations) and the portion of Segment S between the Network Interface and the Cable Landing Point."", ""Terminal Parties: grant Terminal Station Right of Use to other parties and IRU purchasers."", ""Terminal Parties: provide Direct Access to Network Interface and equal access to Terminal Station."", ""Terminal Parties: use reasonable efforts to obtain and maintain necessary governmental approvals."", ""Terminal Parties: provide transit facilities to extend APCN 2 capacity and connect with inland systems."", ""Procurement Group: arrange for construction and installation of the Wet Segment, and ensure Supply Contract terms."", ""Central Billing Party: render invoices, collect payments, and manage billing procedures."", ""Network Administrator: execute IRU agreements on behalf of parties and maintain schedules."", ""All parties: comply with confidentiality obligations."", ""All parties: comply with applicable laws."", ""All parties: participate in Management Committee and subcommittees."", ""All parties: make payments when due; failure may lead to capacity reclamation.""], ""term"": ""Effective from April 18, 2000, and continues for an initial period of 25 years following the Ready for Service Date (RFS Date). After that, terminable by agreement or by any party with one year's notice. Decommissioning possible after 25 years with two-thirds vote."", ""risks"": [""Parties have several liability, not joint or collective."", ""No party is liable for indirect or consequential losses, including loss of profits, business, or traffic."", ""Terminal Parties may be required to continue operating terminal stations even after termination or default."", ""Defaulting party may lose capacity without compensation and forfeit prior payments."", ""Amendments require 90% voting interest approval, which may be difficult to achieve."", ""Disputes are subject to exclusive resolution through Management Committee and arbitration, with no court remedy."", ""Confidentiality obligations extend 5 years after termination."", ""Force majeure clause is incomplete (paragraph 33 is cut off)."", ""Termination after 25 years may result in no credit for capital costs."", ""IRU sales and capacity transfers may require cash contributions to a special fund.""]}",,19773,1123,stop,8.91,0.01527,results/raw/20260825T121227__summary__deepseek-v4-pro__TELEGLOBEINTERNATIONALHOLDINGSLTD_03_29_.txt
ReynoldsConsumerProductsInc_20200121_S-1A_EX-10.22_11948918_EX-10.22_Service Agreement.txt,long,17207,True,,True,"{""parties"": [""Reynolds Group Holdings Inc. (RGHI) (Provider of Transition Services and Recipient of Reverse Transition Services)"", ""Reynolds Consumer Products Inc. (RCP) (Recipient of Transition Services and Provider of Reverse Transition Services)""], ""purpose"": ""To facilitate the separation of RCP from RGHI following RCP's initial public offering by providing transitional services from RGHI to RCP (Transition Services) and from RCP to RGHI (Reverse Transition Services), including IT, HR, finance, tax, legal, and other support services."", ""key_obligations"": [""RGHI must provide the Transition Services listed in Exhibit A (e.g., IT hosting, support, HR, finance, tax, legal) at the specified service standards and fees."", ""RCP must provide the Reverse Transition Services listed in Exhibit B (e.g., IT crossover, HR ancillary, regulatory, procurement, trade compliance) at the specified service standards and fees."", ""RGHI must perform Migration Services to separate and migrate RCP's IT systems, data, and processes to RCP's environment, with costs borne by RCP."", ""RCP must pay the Fees for services received, including monthly fees, out-of-pocket expenses, and pass-through costs, within the specified payment terms."", ""Both parties must maintain confidentiality of each other's Confidential Information and comply with security regulations."", ""Both parties must maintain books and records (TSA Records) and provide access to the other party as specified."", ""Both parties must obtain and maintain specified insurance coverage during the Term."", ""RGHI must change its corporate names to remove 'Reynolds' names by the third anniversary of the Commencement Date.""], ""term"": ""Each Service has a term commencing on the Commencement Date (February 4, 2020) and continuing until 12 months thereafter, unless a different term is specified in Exhibit A or B (e.g., 24 months for most IT services, 12 months for many others). The Agreement terminates when all Services have terminated. Early termination is allowed for convenience with 30 days' notice for most services, subject to certain conditions. No renewal provisions are specified."", ""risks"": [""Liability is capped at the fees paid for the specific service that caused the loss (Section 9.4(c))."", ""Exclusive remedy for breach of service standards is repeat performance or refund of fees (Section 9.4(b))."", ""No indirect, consequential, punitive, or lost profit damages are recoverable (Section 9.4(a))."", ""Services are provided on an 'AS IS' basis with no warranties beyond the service standard (Section 9.3)."", ""RGHI may change or suspend services under certain conditions (Section 3.1(c))."", ""RCP must pay for Migration Services, including all internal labor and third-party costs, with no cap."", ""RCP must indemnify RGHI for losses related to RGHI Letters of Credit and Guarantees not terminated at the Commencement Date (Section 10.12)."", ""Either party may terminate the Agreement for material breach (with 30-day cure) or bankruptcy (Section 6.3)."", ""Disputes are subject to Illinois law and exclusive jurisdiction in Lake County, Illinois, with waiver of jury trial (Section 10.8).""]}",,24563,701,stop,7.1,0.0176,results/raw/20260825T121236__summary__deepseek-v4-pro__ReynoldsConsumerProductsInc_20200121_S-1.txt
NICELTD_06_26_2003-EX-4.5-OUTSOURCING AGREEMENT.txt,long,18608,True,,True,"{""parties"": [""Nice Systems Ltd. (customer)"", ""Flextronics Israel Ltd. (contractor/manufacturer)""], ""purpose"": ""This agreement sets out the terms under which Flextronics Israel will provide turnkey manufacturing outsourcing services for Nice Systems' digital recording products, including purchasing, assembly, testing, configuration, and delivery, with Nice purchasing the finished products."", ""key_obligations"": [""Flextronics must perform manufacturing outsourcing services (purchasing, assembly, testing, configuration, delivery) for Nice's products in accordance with the agreement and appendices."", ""Flextronics must purchase and manage inventory of components, including purchasing Nice's existing inventory as specified, and comply with inventory management and reporting obligations."", ""Flextronics must meet due dates and shipment dates, with liquidated damages for delays, and must provide warranty services for 13 months from shipment."", ""Nice must issue forecasts and purchase orders, and pay for products and permitted components as specified."", ""Nice must provide certain components, software, and non-generic equipment, and must cooperate in the transition and ongoing operations."", ""Both parties must maintain confidentiality of each other's proprietary information and comply with intellectual property provisions.""], ""term"": ""Initial term of 3 years from January 21, 2002, with automatic renewal for an indefinite extended term, terminable by Nice on 45 days' notice (with or without cause) and by Flextronics only during the extended term on 6 months' notice."", ""risks"": [""Nice has unilateral termination right for convenience with only 45 days' notice, while Flextronics can only terminate without cause during the extended term with 6 months' notice."", ""Liability caps: each party's liability for indirect/consequential damages is capped at $5,000,000, excluding IP indemnification obligations."", ""Flextronics must indemnify Nice for IP infringement due to components/subassemblies it supplies, but not for Nice-designated components if supplier refuses indemnity and Nice approves purchase."", ""Nice must indemnify Flextronics for IP infringement due to Nice's proprietary information, software, or instructions."", ""On termination, Nice may be required to pay for finished products, permitted components, and cancellation charges, with percentages varying depending on cause of termination."", ""Flextronics has a right to repurchase inventory from Nice under certain conditions, and Nice has obligations to purchase excess/slow-moving/dead inventory above 15% threshold."", ""The agreement includes a non-exclusivity clause allowing Nice to use other manufacturers or perform services itself."", ""Flextronics must maintain insurance as specified and is liable for loss/damage to components/products while in its possession.""]}",,26392,556,stop,6.45,0.01852,results/raw/20260825T121243__summary__deepseek-v4-pro__NICELTD_06_26_2003-EX-4.5-OUTSOURCING_AG.txt
DovaPharmaceuticalsInc_20181108_10-Q_EX-10.2_11414857_EX-10.2_Promotion Agreement.txt,long,26789,True,,True,"{""parties"": [""Dova Pharmaceuticals, Inc. (owner/licensor of Product rights)"", ""Valeant Pharmaceuticals North America LLC (co-promotion partner)""], ""purpose"": ""This agreement establishes a co-promotion arrangement whereby Valeant will promote and detail Dova's product DOPTELET (avatrombopag) to gastroenterology specialists in the U.S., in exchange for a promotion fee based on net sales."", ""key_obligations"": [""Dova: grant Valeant co-exclusive right to promote the Product in the Specialty in the Territory"", ""Dova: prepare and control Product Materials, obtain regulatory approvals, handle pharmacovigilance, recalls, and all manufacturing/distribution"", ""Dova: pay Valeant a quarterly promotion fee based on Net Sales tiers, plus a $2.5M milestone when annual Net Sales reach a specified threshold"", ""Valeant: maintain at least 100 Sales Representatives and achieve minimum quarterly Details"", ""Valeant: conduct promotional activities in compliance with Applicable Laws and use only Dova-approved materials"", ""Valeant: provide quarterly Detail, Compensation, and Compliance Reports"", ""Both parties: participate in a Joint Steering Committee and comply with confidentiality and non-compete/non-solicitation obligations""], ""term"": ""Four years from the Effective Date (September 26, 2018), unless earlier terminated; no renewal provision specified."", ""risks"": [""Valeant has a unilateral right to terminate for convenience with notice, triggering a tail-period payment obligation for Dova"", ""Dova has a unilateral right to terminate for convenience, but must pay a tail-period fee"", ""Non-compete restrictions limit both parties from promoting competing products in the Territory"", ""Dova retains sole control over pricing, regulatory, and manufacturing decisions, which may affect Valeant's compensation"", ""Valeant's promotion fee is subject to reduction if it fails to meet minimum detail or sales force size requirements"", ""Dova indemnifies Valeant for product-related claims, while Valeant indemnifies Dova for its own misconduct"", ""Both parties disclaim consequential damages, but indemnification for third-party claims is excluded from this limitation"", ""Confidentiality obligations survive termination for a specified period, and IP ownership of inventions primarily related to the Product vests in Dova""]}",,37645,474,stop,7.2,0.02578,results/raw/20260825T121252__summary__deepseek-v4-pro__DovaPharmaceuticalsInc_20181108_10-Q_EX-.txt
GRANTIERRAENERGYINC_05_07_2012-EX-10.6-TRANSPORTATION CONTRACT.txt,long,35339,True,,True,"{""parties"": [""SOLANA PETROLEUM EXPLORATION COLOMBIA LIMITED (Sender)"", ""ECOPETROL S.A. (Shipper/Transporter)""], ""purpose"": ""Transportation of liquid hydrocarbons (crude oil) through the Trasandino (OTA) and Mansoy\u00e1-Orito (OMO) pipelines from the entrance point at Mansoy\u00e1 to the exit point at Tumaco, under a spot shipping contract."", ""key_obligations"": [""ECOPETROL: Transport crude oil from the entrance point to the exit point, subject to available capacity and quality specifications."", ""ECOPETROL: Receive, custody, ship, decant, and store crude as necessary for transportation."", ""Sender: Deliver crude meeting quality specifications (e.g., temperature \u2264120\u00b0F, viscosity \u2264300 cSt at 30\u00b0C, BSW \u22640.5%, salt \u226420 PTB, vapor pressure \u226411 psi, API gravity 18-50 degrees)."", ""Sender: Pay the applicable fees for barrels effectively transported (USD 0.5192 per barrel for OMO and USD 3.1143 per barrel for OTA)."", ""Sender: Provide a performance bond (insurance policy) in the amount of COP 4,047,000,000."", ""Sender: Nominate crude volumes according to the procedures in the Manual of the Shipper."", ""Sender: Receive crude at the exit point and arrange for necessary terminal services."", ""Sender: Pay shipping tax and any applicable taxes."", ""Sender: Maintain confidentiality of information and comply with transparency and social responsibility commitments.""], ""term"": ""From January 30, 2012 until July 29, 2012. May be extended by mutual agreement subject to available capacity."", ""risks"": [""ECOPETROL's liability is capped at 75% of the value of crude lost or damaged due to its fault, and excludes consequential losses beyond 25% of that amount."", ""ECOPETROL is not liable for force majeure, acts of third parties, inherent vice of crude, or faults attributable to the Sender."", ""ECOPETROL may suspend service or terminate the contract early for serious default by the Sender, with no indemnity to the Sender."", ""The Sender must indemnify ECOPETROL against claims from third parties regarding ownership of the crude."", ""The Sender is liable for damages caused to ECOPETROL due to its default, except for gross negligence or willful misconduct by ECOPETROL."", ""The Sender must pay a penalty of 10% of the final contract value for non-performance."", ""ECOPETROL may terminate the contract unilaterally for reasons such as changes in regulations, fraud, or endangerment of pipeline stability."", ""The Sender must provide a bond and maintain it for the contract term plus 120 days; failure to do so allows ECOPETROL to suspend service or terminate."", ""The Sender is responsible for all costs related to improving crude quality if it fails to meet specifications."", ""The Sender must accept volumetric compensation for quality adjustments, which may affect the volume of crude received.""]}",,50297,685,stop,8.04,0.03455,results/raw/20260825T121301__summary__deepseek-v4-pro__GRANTIERRAENERGYINC_05_07_2012-EX-10.6-T.txt
HarpoonTherapeuticsInc_20200312_10-K_EX-10.18_12051356_EX-10.18_Development Agreement.txt,long,38518,True,,True,"{""parties"": [""Harpoon Therapeutics, Inc. (licensor/developer)"", ""AbbVie Biotechnology Ltd (optionee/licensee)""], ""purpose"": ""This agreement grants AbbVie an exclusive option to obtain a license to develop and commercialize Harpoon's Licensed Compound (HPN217) and Licensed Products worldwide, with Harpoon conducting initial development activities and AbbVie having rights to exercise the option and take over development and commercialization."", ""key_obligations"": [""Harpoon: Perform Initial Development Activities per the Initial Development Plan, including conducting the Phase I/IB Trial and providing Opt-In and Final Development Reports."", ""Harpoon: Grant AbbVie an exclusive option to obtain licenses under Harpoon Patents, Know-How, and Regulatory Documentation upon exercise."", ""AbbVie: Pay an upfront fee of $30,000,000 and, upon exercising the option, a $200,000,000 milestone payment, plus additional development, regulatory, first commercial sale, sales-based milestones, and royalties on Net Sales."", ""AbbVie: After exercising the option, use Commercially Reasonable Efforts to develop, obtain regulatory approval for, and commercialize at least one Licensed Product in a Major Market."", ""AbbVie: Upon exercise, assume sole responsibility for development, regulatory, commercialization, and manufacturing of Licensed Products, subject to Harpoon's completion of initial activities and technology transfer."", ""Harpoon: Provide technology transfer and assistance for manufacturing upon AbbVie's request, subject to specified limits and reimbursement."", ""Both Parties: Maintain confidentiality of Confidential Information and comply with pharmacovigilance and safety obligations.""], ""term"": ""Commences on November 20, 2019 and continues until the later of (a) expiration of the last Royalty Term for the last Licensed Product, or (b) expiration of the License Option Period without AbbVie exercising the option. No renewal provisions specified."", ""risks"": [""AbbVie has unilateral termination rights for any reason upon 90 days' notice (Section 12.3), which could leave Harpoon without expected milestone/royalty payments."", ""Harpoon's exclusivity obligations (Section 5.8) restrict it from developing or commercializing competing products in the Territory, with limited exceptions for acquisitions or change of control."", ""Upon termination by AbbVie for convenience or by Harpoon for material breach, Harpoon may receive a reversion license to AbbVie's improvements (AbbVie Reversion IP) but must pay royalties on future sales of reverted products (Section 12.7)."", ""Royalty rates and milestone amounts are subject to significant redactions, and royalty reductions (Section 6.5.3) can reduce payments by up to a specified percentage, potentially impacting Harpoon's revenue."", ""Harpoon's indemnification obligations (Section 11.2) may expose it to third-party claims arising from its activities, with no express cap on liability except for the exclusion of consequential damages (Section 11.5)."", ""AbbVie has control over patent prosecution, enforcement, and biosimilar litigation for product-specific patents (Sections 7.2, 7.3), which may affect Harpoon's ability to protect its broader patent portfolio."", ""Harpoon must obtain AbbVie's consent for certain in-licensing agreements (Section 5.9.1), limiting its flexibility to expand its IP position.""]}",,54244,704,stop,8.53,0.03719,results/raw/20260825T121311__summary__deepseek-v4-pro__HarpoonTherapeuticsInc_20200312_10-K_EX-.txt
PhasebioPharmaceuticalsInc_20200330_10-K_EX-10.21_12086810_EX-10.21_Development Agreement.txt,long,45650,True,,True,"{""parties"": [""PhaseBio Pharmaceuticals Inc. (PB) (developer/sponsor in US and European Clinical Trial Countries)"", ""SFJ Pharmaceuticals X, Ltd. (SFJ) (financier and co-developer/sponsor in Designated Asian Countries)""], ""purpose"": ""This agreement provides for SFJ to fund and support the clinical development of PB's product PB2452 for reversal of ticagrelor effects, with PB conducting trials in the US and Europe and SFJ conducting trials in Asian countries, in exchange for milestone payments and a security interest."", ""key_obligations"": [""PB: conduct Phase 3 trial in US and European Clinical Trial Countries, manage CMC and supply product, seek regulatory approvals in US/EU, pay Approval Payments to SFJ upon regulatory approvals, grant security interest and issue warrant to SFJ"", ""SFJ: fund up to $120 million of Development Costs, conduct clinical trials in Designated Asian Countries (China, Japan, Hong Kong), provide operational support in European Clinical Trial Countries, assign regulatory filings to PB upon approval"", ""Both: comply with protocols, laws, GCP/GMP, maintain confidentiality, cooperate through joint committees (JSC, JDC, JCC), indemnify each other as specified""], ""term"": ""Commences on Effective Date (January 9, 2020) and expires upon payment of the last Approval Payment due based on all applicable Regulatory Approvals received, or earlier termination per Section 14.2."", ""risks"": [""PB must pay substantial Approval Payments (up to $600 million total) and may be subject to acceleration and buy-out options"", ""SFJ has a security interest over substantially all of PB's assets, with negative covenants restricting PB's incurrence of debt, liens, dividends, and licensing transactions"", ""PB grants SFJ a warrant for 2.2 million shares of PB common stock"", ""Termination by SFJ for breach or material adverse event can require PB to pay 300% of Development Costs, and termination for change of control requires 150%"", ""PB is obligated to assign all Trial Inventions and Research Results to PB (with SFJ owning Trial Data Package until purchase), and SFJ must assign certain IP to MedImmune"", ""Exclusivity restrictions prevent SFJ from developing or selling competing products during specified periods"", ""PB must obtain SVB consent and enter subordination agreement; failure is a Material Adverse Event"", ""PB bears risk of product liability and indemnifies SFJ for product-related claims, while SFJ indemnifies PB for its negligence/breach"", ""Dispute resolution is via binding arbitration in New York, with limited appellate rights for large awards""]}",,63268,554,stop,7.98,0.04285,results/raw/20260825T121320__summary__deepseek-v4-pro__PhasebioPharmaceuticalsInc_20200330_10-K.txt
